{"cameraMode":{"drawMode":0,"name":"Shaded","section":"Shading Mode"},"sceneLighting":true,"audioPlay":true,"sceneViewState":{"showFog":true,"showMaterialUpdate":true,"showSkybox":true,"showFlares":true,"showImageEffects":true,"showParticleSystems":true},"in2DMode":false,"pivot":{"x":-13.25434684753418,"y":-14.317973136901856,"z":-47.91517639160156},"rotation":{"x":-0.0001306392514379695,"y":-0.9826892018318176,"z":0.18932799994945527,"w":-0.010076510719954968},"size":77.15963745117188,"orthographic":false}