{"cameraMode":{"drawMode":0,"name":"Shaded","section":"Shading Mode"},"sceneLighting":false,"audioPlay":false,"sceneViewState":{"showFog":true,"showMaterialUpdate":true,"showSkybox":false,"showFlares":true,"showImageEffects":true,"showParticleSystems":true},"in2DMode":false,"pivot":{"x":1.4113054275512696,"y":1.1669323444366456,"z":1.342982292175293},"rotation":{"x":-0.09150790423154831,"y":-0.8766452074050903,"z":0.1827956736087799,"w":-0.4362387955188751},"size":37.48002243041992,"orthographic":false}