{"cameraMode":{"drawMode":0,"name":"Shaded","section":"Shading Mode"},"sceneLighting":false,"audioPlay":false,"sceneViewState":{"showFog":true,"showMaterialUpdate":true,"showSkybox":false,"showFlares":true,"showImageEffects":true,"showParticleSystems":true},"in2DMode":false,"pivot":{"x":0.9620420932769775,"y":1.1924822330474854,"z":0.7063941955566406},"rotation":{"x":-0.16485558450222016,"y":-0.5957517027854919,"z":0.12576723098754884,"w":-0.7762907147407532},"size":28.93699073791504,"orthographic":false}