{"cameraMode":{"drawMode":0,"name":"Shaded","section":"Shading Mode"},"sceneLighting":false,"audioPlay":false,"sceneViewState":{"showFog":true,"showMaterialUpdate":true,"showSkybox":false,"showFlares":true,"showImageEffects":true,"showParticleSystems":true},"in2DMode":false,"pivot":{"x":3.4650752544403078,"y":1.2295763492584229,"z":2.0137083530426027},"rotation":{"x":0.04606027528643608,"y":-0.45764076709747317,"z":-0.02453218586742878,"w":-0.8879067301750183},"size":19.11011505126953,"orthographic":false}