{"cameraMode":{"drawMode":0,"name":"Shaded","section":"Shading Mode"},"sceneLighting":false,"audioPlay":false,"sceneViewState":{"showFog":true,"showMaterialUpdate":true,"showSkybox":false,"showFlares":true,"showImageEffects":true,"showParticleSystems":true},"in2DMode":false,"pivot":{"x":0.5691730976104736,"y":1.215994119644165,"z":2.4083313941955568},"rotation":{"x":-0.02885258197784424,"y":0.962835431098938,"z":-0.11652903258800507,"w":-0.2429066300392151},"size":6.742972373962402,"orthographic":false}