{"cameraMode":{"drawMode":0,"name":"Shaded","section":"Shading Mode"},"sceneLighting":false,"audioPlay":false,"sceneViewState":{"showFog":true,"showMaterialUpdate":true,"showSkybox":false,"showFlares":true,"showImageEffects":true,"showParticleSystems":true},"in2DMode":false,"pivot":{"x":1.171271562576294,"y":1.2088181972503663,"z":1.5808660984039307},"rotation":{"x":-0.004609823226928711,"y":-0.9952858090400696,"z":0.08860018104314804,"w":-0.04611492529511452},"size":20.799570083618165,"orthographic":false}