{"cameraMode":{"drawMode":0,"name":"Shaded","section":"Shading Mode"},"sceneLighting":false,"audioPlay":false,"sceneViewState":{"showFog":true,"showMaterialUpdate":true,"showSkybox":false,"showFlares":true,"showImageEffects":true,"showParticleSystems":true},"in2DMode":false,"pivot":{"x":3.6701743602752687,"y":1.1954891681671143,"z":2.0322718620300295},"rotation":{"x":0.03943303972482681,"y":-0.45647957921028139,"z":-0.02103685587644577,"w":-0.8889132142066956},"size":20.299840927124025,"orthographic":false}