{"cameraMode":{"drawMode":0,"name":"Shaded","section":"Shading Mode"},"sceneLighting":true,"audioPlay":false,"sceneViewState":{"showFog":true,"showMaterialUpdate":true,"showSkybox":true,"showFlares":true,"showImageEffects":true,"showParticleSystems":true},"in2DMode":false,"pivot":{"x":-5.132689952850342,"y":4.6932220458984379,"z":17.999774932861329},"rotation":{"x":-0.02501172013580799,"y":-0.1178879514336586,"z":-0.002983953570947051,"w":0.9927631616592407},"size":22.0,"orthographic":false}