{"cameraMode":{"drawMode":0,"name":"Shaded","section":"Shading Mode"},"sceneLighting":true,"audioPlay":false,"sceneViewState":{"showFog":true,"showMaterialUpdate":true,"showSkybox":true,"showFlares":true,"showImageEffects":true,"showParticleSystems":true},"in2DMode":false,"pivot":{"x":-17.073665618896486,"y":-2.871079921722412,"z":33.71813201904297},"rotation":{"x":0.0586971640586853,"y":-0.22698314487934113,"z":0.013717341236770153,"w":0.9721394777297974},"size":40.701175689697269,"orthographic":false}