{"cameraMode":{"drawMode":0,"name":"Shaded","section":"Shading Mode"},"sceneLighting":false,"audioPlay":false,"sceneViewState":{"showFog":true,"showMaterialUpdate":true,"showSkybox":false,"showFlares":true,"showImageEffects":true,"showParticleSystems":true},"in2DMode":false,"pivot":{"x":-0.06102454662322998,"y":1.5412648916244507,"z":0.5379104614257813},"rotation":{"x":0.08920244872570038,"y":-0.14724741876125337,"z":0.013348661363124848,"w":0.9850852489471436},"size":5.54184627532959,"orthographic":false}